file	line	env	label	title	section	snippet
main.tex	183	proposition	prop:final-package-shape-convention	Final package-shape convention	Scope and theoremization boundary.	For the current presentation package there is a single source-level package shape. The primary article is submission_abstract.tex; the selected technical supplement is main.tex; the selected bounded theorem-obligation ledger consists of theorem_inventory.json and theorem_inventory.md; and the selected supplemental support surface is the finite tuple theorem_inventory.json, theorem_inventory.md, and exact inclusion of review_bundle/ with the final digest record review_bundle/FINAL_DIGESTS_SHA256.
main.tex	232	theorem	thm:nested-package-states	Nested six-row and seven-row package states	Scope and theoremization boundary.	Let $P^{+}_{6}$ denote the current row-frozen certificate state whose accepted rows are exactly $a_1,,a_6$ in Table~tab:current-acceptance-ledger. Let $P^{+}_{7}$ denote the enlarged submitted support state obtained by adjoining the single theorem-ledger row $a_7$ whose submitted coordinate is theorem_inventory.json. Then $P^{+}_{6} P^{+}_{7}$ as finite record surfaces, and the inclusion is conservative for the first six certificates: every acceptance decision, evidence level, assigned-gate fami
main.tex	297	definition	def:architecture-axis-map	Architecture-axis map	Architecture	The compiler architecture uses five disjoint evidence axes. An accepted claim may read evidence from an axis only at the admissible evidence level shown in the displayed axis map; the negative boundary in the last column is part of the claim certificate and cannot be discharged by prose from another axis. center tabularx{}{p{.16}p{.27}p{.27}X} Axis & Role in this paper & Admissible evidence & Negative boundary \\ BEDC source theory & finite-kernel theory, proof obligations, and implementation co
main.tex	336	proposition	prop:architecture-axis-non-escalation	Axis non-escalation	Architecture	In any record-gate-sound package using Definition~def:architecture-axis-map, passage or evidence on one architecture axis cannot certify a load-bearing claim whose claim kind requires another axis. More precisely, if a claim certificate uses an axis $A$ but its stronger reading needs an evidence item or negative-boundary discharge listed only on a different axis $A'$, then the stronger reading is not accepted unless the package contains a separate submitted coordinate for $A'$ and the gates assi
main.tex	512	lemma	lem:source-interface-extraction-correctness	Manual bounded source-interface extraction correctness	Architecture	For the pinned newmath repository path papers/bedc/parts/visions/audit_map_methodology/automated_theory_discovery_pipeline_calculus.tex at commit 3fb3d6a0641767388a401883062aa522ea0b397b, Table~tab:source-interface-record is the complete imported interface used by this paper at the manual path-verified level and only at that level. Its extraction certificate is: manual line-range audit against the pinned file, mirrored in source_interface_record.json, extraction date 2026-06-01, and summary mode
main.tex	551	proposition	prop:manual-source-interface-non-escalation	Manual source-interface non-escalation	Architecture	Let $I$ be the imported discovery-gate interface certified by Lemma~lem:source-interface-extraction-correctness. Any later use of an imported source label in this paper is a consequence of $I$ only if it is a function of the finite fields recorded in Table~tab:source-interface-record: the source path, pinned commit, label, line range, extraction date, bounded summary, and evidence-level qualifier. A proposed stronger use---for example an exact import of the original source theorem statement, a f
main.tex	594	proposition	prop:reviewable-source-snapshot-interface	Reviewable source-snapshot interface	Architecture	The imported discovery-gate spine used in the finite-record interface theorem, Theorem~thm:publication-safety-interface, has a reviewer-facing source interface. Namely, the tuple consisting of the pinned local source path, commit 3fb3d6a0641767388a401883062aa522ea0b397b, Table~tab:source-interface-record, source_interface_record.json, and the supplemental copy review_bundle/source_snapshots/automated_theory_discovery_pipeline_calculus_3fb3d6a0641767388a401883062aa522ea0b397b.tex is sufficient to
main.tex	624	proposition	prop:source-interface-record-file-consistency	Executable source-interface record comparison	Architecture	The source-interface table, its JSON mirror, and the bundled source snapshot give one record-level imported discovery-gate interface for the finite-record interface theorem, Theorem~thm:publication-safety-interface. The record fields are as follows: the source commit is 3fb3d6a0641767388a401883062aa522ea0b397b; the bundled snapshot is review_bundle/source_snapshots/automated_theory_discovery_pipeline_calculus_3fb3d6a0641767388a401883062aa522ea0b397b.tex; the finite comparison script is review_bu
main.tex	691	theorem	thm:bounded-source-interface-maximality	Bounded source-interface maximality	Architecture	Let $I_{ man}$ be the manual imported-source interface of Lemma~lem:source-interface-extraction-correctness, and let $I_{ exe}$ be the executable finite comparison of Proposition~prop:source-interface-record-file-consistency. In the finite-record safety interface of Theorem~thm:publication-safety-interface, the strongest imported discovery-gate premise available from $I_{ man}$ together with $I_{ exe}$ is exactly the following finite certificate: enumerate the imported source path and pinned sou
main.tex	756	corollary	cor:downstream-imported-label-bounded-factorization	Downstream imported-label use factors through bounded rows	Architecture	Every load-bearing occurrence in this manuscript of an imported discovery-gate label from Table~tab:source-interface-record factors through the bounded source-interface certificate of Theorem~thm:bounded-source-interface-maximality. Hence a downstream proof may use only the row's recorded path, pinned commit, label token, line range, extraction date, bounded summary, evidence-level qualifier, equality with source_interface_record.json, manifest agreement, and bundled-snapshot label containment. 
main.tex	790	theorem	thm:public-source-reachability-non-escalation	Public-source reachability non-escalation	Architecture	In the current source package, the citation bedc-newmath-source and the commit string 3fb3d6a0641767388a401883062aa522ea0b397b serve only as the public-source coordinate for the imported newmath workspace. The load-bearing source-interface premise used by Theorem~thm:publication-safety-interface remains the bundled finite record certified by Theorem~thm:bounded-source-interface-maximality: path, commit string, sixteen labels, line ranges, bounded summaries, JSON equality, manifest agreement, sna
main.tex	844	corollary	cor:public-source-coordinate-exactness	Public-source coordinate exactness	Architecture	For the present source package, any load-bearing statement containing the public source citation bedc-newmath-source and the pinned commit 3fb3d6a0641767388a401883062aa522ea0b397b factors through exactly the bounded coordinates of Theorem~thm:public-source-reachability-non-escalation. Thus the citation contributes only the public locator, pinned commit string, and the already-recorded bundled source-interface rows. It contributes neither a dated public fetch, nor a branch-membership proof, nor p
main.tex	882	theorem	thm:source-interface-semantic-completeness-obstruction	Source-interface semantic-completeness obstruction	Architecture	Under the source-interface surface certified by Lemma~lem:source-interface-extraction-correctness and Theorem~thm:bounded-source-interface-maximality, every accepted imported discovery-gate premise factors through the five finite fields listed in Theorem~thm:bounded-source-interface-maximality. In particular, no theorem in the main publication-safety chain may infer semantic completeness of the imported source theory, correctness of the bounded summaries as exact source statements, Lean/BEDC reb
main.tex	940	proposition	prop:source-interface-evidence-level-separation	Source-interface evidence-level separation	Architecture	Let $r$ be any accepted manuscript claim whose discovery component cites one of the imported labels in Table~tab:source-interface-record. If $r$ uses only Lemma~lem:source-interface-extraction-correctness, then the imported-label premise of $r$ is accepted only at the manual path-verified bounded-paraphrase level. If $r$ additionally cites Proposition~prop:source-interface-record-file-consistency, then the same premise is upgraded only by the finite record comparisons listed in that proposition:
main.tex	1031	definition	def:operational-acceptance-interface	Operational acceptance interface	Abstract finite-record interface	A claim is a manuscript assertion that can affect a mathematical, artifact, route, or submission decision. A load-bearing claim is a claim whose removal would change a theorem statement, a case-study conclusion, or the submission-readiness status. An advisory output is any AI-agent draft, score, suggested theorem, review packet, or repair proposal before a gate records it. A deterministic gate is a repeatable predicate, script, or checklist whose inputs and pass/fail decision are recorded indepe
main.tex	1212	definition	def:record-gate-soundness-external-interface	Record-gate soundness external interface	Abstract finite-record interface	The external record-gate interface for a package is the finite predicate \[ RGS_{S}(P,L,) \] with the following inputs and outputs. Its inputs are exactly a package $P$, a submitted support surface $S$, a finite acceptance ledger $L$, and the deterministic claim-kind dispatch table $$ of Definition~def:operational-acceptance-interface. Its positive output is the finite family of certificates \[ \{ C(c)=(K,,E,H,R,D,B): c L is an accepted load-bearing claim\} \] such that $E S$, $V(c, C(c))=1$, ev
main.tex	1244	proposition	prop:record-gate-soundness-external-interface-exactness	Record-gate interface equivalence and non-claim boundary	Abstract finite-record interface	For the operational acceptance interface of Definition~def:operational-acceptance-interface, the standalone interface in Definition~def:record-gate-soundness-external-interface is equivalent to the predicate $RGS_{S}(P,L,)$ used in the publication-safety theorem. Moreover, under this interface every consequence used by Theorem~thm:publication-safety-interface is determined by the finite coordinates $(P,S,L,)$ and by the displayed certificates $ C(c)$; no implementation-level, semantic, venue-acc
main.tex	1288	definition	def:stronger-reading-preorder	Stronger-reading preorder	Abstract finite-record interface	Fix the dispatch table $$ and certificate tuple $ C(c)=(K,,E,H,R,D,B)$ of Definition~def:operational-acceptance-interface. A proposed reading $c^{+}$ of the same prose claim is record-stronger than $c$, written $c_{} c^{+}$, if at least one of the following finite coordinates is strictly enlarged while the others are unchanged or enlarged: the claim-kind set $K$; the evidence level, from $path$ to $command$; the evidence surface $E$; the promotion field $H$; the assigned gate-pass family $R$; th
main.tex	1312	definition	def:certificate-schema-acceptance-table	Certificate-schema acceptance table	Abstract finite-record interface	Fix the seven-kind dispatch table $$ of Definition~def:operational-acceptance-interface. The verifier input for a load-bearing claim $c$ is the following finite record type: \[ C(c)= \{K,,E,H,R,D,B\}. \] Its typed fields are these and only these: $K$ is a finite set of claim kinds; $\{path,command\}$ is the declared evidence level; $E$ is a finite evidence-surface list; $H$ is the route-boundary field; $R$ is a finite family of gate pass records, each with gate name, input surface, decision, evi
main.tex	1352	proposition	prop:finite-certificate-schema-verifier	Finite certificate schema verifier as a record check	Abstract finite-record interface	For every load-bearing manuscript claim $c$ whose component kinds lie in the seven-kind domain, $V(c, C)$ is a finite, prose-insensitive record-schema verifier for the declared publication certificate. The submitted package instantiates $V$ by the script review_bundle/verify_certificate_records.py. On the positive package input it reads the schema file, pass-record ledger, submission-interface map, primary-claim inventory, and review-bundle manifest named above, and outputs acceptance in review_
main.tex	1418	theorem	thm:verifier-input-output-contract	Verifier input--predicate--output contract	Abstract finite-record interface	The verifier interface used by the publication-safety theorem is exactly the following finite mathematical-software contract. Its input is a pair $(c, C(c))$, where $c$ is a load-bearing manuscript claim and \( C(c)=(K,,E,H,R,D,B)\) is the certificate record of Definition~def:certificate-schema-acceptance-table, together with the fixed dispatch table $$ and the submitted support surface $S$. Its checked predicates and outputs are: center tabularx{}{p{0.12}p{0.30}X} Check & Predicate actually che
main.tex	1485	theorem	thm:auditable-compiler-boundary-completeness	Auditable compiler-boundary completeness	Abstract finite-record interface	For the architecture of Definition~def:architecture-axis-map and the finite verifier of Theorem~thm:verifier-input-output-contract, the software contribution certified by Theorem~thm:publication-safety-interface is exactly the following compiler-boundary property. Every accepted load-bearing claim in the publication package is the image of a finite input tuple \[ (K,,E,H,R,D,B;S,L,) \] whose evidence fields are on the submitted support surface or in an explicitly pinned historical boundary, and 
main.tex	1543	theorem	thm:finite-verifier-normal-form	Executable-record verifier normal form	Abstract finite-record interface	Fix the dispatch table $$, the submitted support surface $S$, and the finite certificate schema of Definition~def:certificate-schema-acceptance-table. There is a deterministic verifier \[ Check_{,S}(c,K,,E,H,R,D,B) \] with the following presentation-layer input/output normal form. center tabularx{}{p{0.18}p{0.36}X} Step & Input fields read & Returned value \\ 1 & $K,$ & reject with $(Q_1,K,)$, or continue \\ 2 & $E$ and $S$ & reject with $(Q_2,E,e_0)$ for the first non-reviewable pointer $e_0$, 
main.tex	1619	theorem	thm:record-acceptance-exactness	Schema-relative executable-record acceptance exactness	Abstract finite-record interface	Fix the seven-kind dispatch table $$, the two evidence levels, and the typed certificate tuple $ C(c)=(K,,E,H,R,D,B)$ of Definition~def:certificate-schema-acceptance-table. For every load-bearing claim $c$ and every finite candidate certificate $ C(c)$, the finite verifier $V$ of Definition~def:operational-acceptance-interface and Theorem~thm:verifier-input-output-contract accepts $ C(c)$ if and only if the six-clause table predicate $Acc_{}(c, C)$ holds. This is a schema-relative and finite-rec
main.tex	1679	corollary	cor:executable-schema-exactness-negative-fixture	Executable schema exactness and negative fixture	Abstract finite-record interface	Under the hypotheses and fixed schema of Theorem~thm:record-acceptance-exactness, the executable verifier instance review_bundle/verify_certificate_records.py is a finite witness of the same schema-relative relation, not an additional semantic oracle. On the positive submitted package it can witness exactly the records satisfying \(Acc_{}\) at their declared evidence levels. On the negative fixture review_bundle/negative_certificate_record_example.json, which upgrades a route record to command-r
main.tex	1718	theorem	thm:finite-coordinate-determination-boundary	Finite-coordinate determination and trust-boundary classifier	Abstract finite-record interface	Fix the dispatch table $$ and the verifier $V$. Let $F_{}$ be the finite schema projection read by $V$ from a certificate record, namely the claim-kind set, declared evidence level, evidence surface, promotion field, gate-pass rows, discovery-source rows, command-boundary tuple, and the assigned gate set determined by $$. If two ambient pipeline or artifact states induce the same values of all coordinates in $F_{}$ for a claim $c$, then they induce the same record-acceptance decision and the sam
main.tex	1780	theorem	thm:record-interface-rigidity	Record-interface rigidity and refresh fixed point	Abstract finite-record interface	Fix a package $P$, submitted support surface $S$, finite ledger $L$, dispatch table $$, and certificate tuple $ C(c)=(K,,E,H,R,D,B)$ for each accepted load-bearing claim $c L$. Let $_{,S}(P,L)$ be the finite projection consisting of the tuple fields $(K,,E,H,R,D,B)$, the gate-pass rows in $R$, the submitted support-surface membership relation for $S$, and the fixed dispatch table $$. Then the following are equivalent. enumerate The ledger satisfies the external record-gate interface \(RGS_{S}(P,
main.tex	1880	theorem	thm:record-gate-implementation-overclaim-obstruction	Record-gate implementation overclaim obstruction	Abstract finite-record interface	The hypotheses of Theorem~thm:publication-safety-interface and the fixed point of Theorem~thm:record-interface-rigidity determine finite certificate construction under the external record-gate interface \(RGS_{S}(P,L,)\), but they do not determine correctness of any gate implementation that produced, stored, or displayed the pass rows. More precisely, for any accepted claim row $c$, the following are equivalent. enumerate The same finite-record calculus accepts an implementation-soundness readin
main.tex	1936	corollary	cor:finite-record-acceptance-not-implementation-soundness	Finite-record acceptance is not implementation soundness	Abstract finite-record interface	The acceptance and fixed-point conclusions of Theorem~thm:record-interface-rigidity and Theorem~thm:record-gate-implementation-overclaim-obstruction are finite record conclusions only. They do not imply Lean rebuild success, BEDC source-tree rebuild success, publication-daemon soundness, overlap-checker soundness, artifact evaluator soundness, venue upload, or venue acceptance. Any one of these stronger readings is accepted by the same theorem chain if and only if the submitted support state add
main.tex	1975	proposition	prop:machine-readable-certificate-records	Machine-readable certificate records	Abstract finite-record interface	For the current presentation package, the finite record checker $V$ of Proposition~prop:finite-certificate-schema-verifier, with the record-acceptance semantics of Theorem~thm:record-acceptance-exactness, has an executable record-level instance over the review bundle, conditional on exact supplemental inclusion of review_bundle/ in the completed submission with matching final digests, as stated in Proposition~audit:review-bundle-availability-condition. The schema file review_bundle/certificate_s
main.tex	2077	theorem	thm:executable-record-non-escalation	Executable record non-escalation	Abstract finite-record interface	Let $F$ be the finite field projection read by review_bundle/verify_certificate_records.py: manifest-field presence, entries $a_1$--$a_6$, claim-kind membership, evidence-level membership, assigned-gate coverage, pass-record fields, evidence-level agreement, discovery-field discipline, path-verified boundary status, row locks for sim1--sim4, and row-class locks for pc1--pc12. Assuming the exact-or-archive-equivalent review-bundle support surface of Proposition~audit:review-bundle-availability-co
main.tex	2135	theorem	thm:executable-certificate-construction-invariant	Executable certificate-construction invariant	Abstract finite-record interface	For the submitted review bundle, let $G$ be the union of the finite fields read by the two executable verifiers review_bundle/verify_source_interface_record.py and review_bundle/verify_certificate_records.py. Thus $G$ contains the ten source-interface table triples, the JSON source-interface records, the pinned source snapshot path, digest, line count, declared source commit and line ranges, the six current-package pass-record entries $a_1,,a_6$, the submission-map rows sim1--sim4, the primary-i
main.tex	2203	proposition	prop:claim-kind-dispatch	Deterministic claim-kind dispatch	Abstract finite-record interface	For every load-bearing manuscript claim whose kind lies in the seven-kind domain above, $$ assigns a unique finite set of deterministic gates. In a pipeline that is record-gate-sound for acceptance, a mixed load-bearing claim may be used as accepted work only if its acceptance entry records passage through every gate in the union assigned to its component kinds.
main.tex	2224	theorem	thm:mixed-claim-projection-obstruction	Mixed-claim projection obstruction	Abstract finite-record interface	Let $c$ be a load-bearing mixed claim with nonempty component-kind set $KDom()$ and submitted candidate certificate $ C(c)=(K,,E,H,R,D,B)$. For a nonempty subset $J K$, write \[ G_J=_{k J}(k) \] and let $c_J$ denote the projected reading of $c$ that keeps exactly the claim-kind components in $J$ and keeps the same declared evidence level, evidence surface, promotion boundary, and command boundary, except that the discovery field is required precisely when discovery lies in $J$. Then the followin
main.tex	2287	theorem	thm:concrete-finite-script-implementation-soundness	Concrete finite-script projection-contract boundary	Abstract finite-record interface	Let $S$ be the submitted support surface containing review_bundle/certificate_schema.json, review_bundle/current_package_pass_records.json, review_bundle/submission_interface_map.json, review_bundle/primary_claim_inventory.json, source_interface_record.json, review_bundle/REVIEW_BUNDLE_MANIFEST.json, the bundled pinned source snapshot, and theorem_inventory.json. Let $ V$ be the four-script family consisting of review_bundle/verify_certificate_records.py, review_bundle/verify_source_interface_re
main.tex	2385	corollary	cor:finite-script-rgs-instantiation-boundary	Finite-script projection instantiation boundary	Abstract finite-record interface	Assume the hypotheses of Theorem~thm:concrete-finite-script-implementation-soundness and suppose the submitted command-run records for the four named scripts have exit code $0$. Then the only command-run coordinate instantiated for those scripts is the schema-level finite projection coordinate for the predicates printed by those scripts. Consequently Theorem~thm:publication-safety-interface may use those command-run rows to support schema-relative certificate coverage, source-interface table equ
main.tex	2395	theorem	thm:assigned-gate-soundness-audit-boundary	Assigned-gate soundness audit boundary	Abstract finite-record interface	Let $P$ be a finite submitted package with pass-record ledger $L$, dispatch table $$, and submitted support surface $S$. For a load-bearing claim $c$, write $G(c)=_{k K(c)}(k)$ for the finite set of gates assigned to its claim-kind set. The package may use a ledger row for $c$ as a sound record-gate witness only through the finite predicate $RGS_{S}(P,L,)$ of Definition~def:operational-acceptance-interface. Equivalently, the available finite-record strength is exactly the following: enumerate fo
main.tex	2464	theorem	thm:six-coordinate-gate-implementation-soundness-skeleton	Six-coordinate gate-implementation soundness skeleton	Abstract finite-record interface	Let $g$ be a concrete gate whose row is used by the publication-safety theorem chain for a load-bearing claim $c$. A submitted support surface $S$ upgrades the row-level record-gate reading for $g$ to gate-implementation soundness only if $S$ contains a finite implementation-soundness tuple \[ I(g)=(Q_g,U_g,M_g,X_g,N_g,_g) \] with the following six coordinates: enumerate $Q_g$, the submitted gate source identity, including source path and digest or commit for the implementation being audited; $U
main.tex	2541	theorem	thm:finite-certificate-obstruction-skeleton	Finite certificate obstruction skeleton	Abstract finite-record interface	Let $c$ be a load-bearing manuscript claim whose component kinds lie in the seven-kind domain. The verifier of Proposition~prop:finite-certificate-schema-verifier gives the following complete audit classification at the declared evidence level. A certificate for $c$ passes the publication-safety interface if and only if it has no bad subrecord of the following five types: enumerate missing evidence surface for the declared evidence level; missing pass record for a gate in $_{k K}(k)$; missing hu
main.tex	2642	theorem	thm:finite-extension-budget-normal-form	Finite extension-budget normal form	Abstract finite-record interface	Fix the dispatch table $$, the finite certificate schema, and an accepted finite certificate \( C(c)=(K,,E,H,R,D,B)\) for a load-bearing package claim $c$. Let $c^{+}$ be a proposed stronger reading of the same row which is not record-equivalent to $c$ in the sense of Theorem~thm:finite-coordinate-determination-boundary. Then $c^{+}$ is accepted by the publication-safety interface if and only if the submitted finite record surface contains an extension record in the following normal form: \[ (c,
main.tex	2729	theorem	thm:finite-record-certificate-calculus-spine	Finite-record certificate calculus spine	Abstract finite-record interface	Fix a submitted surface $S$, acceptance ledger $L$, dispatch table $$, and schema verifier $V$ as in Theorem~thm:publication-safety-interface. For the presentation-only route, every load-bearing support assertion used by the publication-safety theorem chain is classified by the following three-step finite calculus. enumerate Projection: the assertion is first projected to the seven-coordinate certificate tuple \((K,,E,H,R,D,B)\) of Definition~def:certificate-schema-acceptance-table. Obstruction:
main.tex	2806	proposition	prop:publication-safety-dependency-normal-form	Dependency normal form for the publication-safety chain	Abstract finite-record interface	Let $c$ be a load-bearing claim whose certificate \(Cert_{}(c)= C(c)=(K,,E,H,R,D,B)\) is constructed by the finite schema verifier from the submitted surface $S$, ledger $L$, and dispatch table $$. Then every use of the publication-safety interface in the main theorem chain factors through the following ordered dependency graph: enumerate construction and schema-relative exactness: the tuple \((K,,E,H,R,D,B)\) is formed from submitted finite records and is accepted exactly when clauses A1--A6 of
main.tex	2873	proposition	prop:gate-interface-separation	Gate-interface separation	Abstract finite-record interface	The promotion, overlap, submission-state, and theorem-content delta gates are separate deterministic interfaces. None can be replaced by passage of another one when a load-bearing claim has the corresponding component.
main.tex	2897	corollary	cor:human-promotion-daemon-active-track-separation	Human promotion is not daemon-visible active-track equivalence	Abstract finite-record interface	In the operational interface of Definition~def:operational-acceptance-interface, a human-promotion record and daemon-visible active-paper markers are not interchangeable certificate fields. More precisely, let $c$ be any route-boundary claim whose accepted certificate is $ C(c)=(K,,E,H,R,D,B)$. The certificate may be read as saying that a candidate is admitted to the publication-facing package only when the promotion field $H$ records the human editorial act and the corresponding route-gate pass
main.tex	2945	proposition	prop:scheduler-selection-advisory	Scheduler selection is advisory before discovery gating	Abstract finite-record interface	Let $s$ be a scheduler or critical-path score attached to a candidate claim $c$. If $s$ recommends selecting $c$, then the recommendation is a work-selection claim and by itself can only pass the scheduler gate. If $c$ is also asserted to be a discovery or classifier-shifting contribution in a record-gate-sound pipeline, then the accepted mixed claim must pass both the scheduler gate and the discovery gate. Consequently, critical-path scores may prioritize review order, and the imported classifi
main.tex	3022	proposition	prop:publication-safety-minimal-bad-record-witness	Minimal bad-record witness for command-run escalation	Abstract finite-record interface	In the operational interface of Definition~def:operational-acceptance-interface, let $r$ be a submitted claim record whose claim-kind set is \{route\}, whose evidence level is declared to be command-run, and whose boundary field contains no command-run tuple $(command,source state,environment,exit code, log path)$. Suppose all other route coordinates of $r$ are filled: there is an evidence pointer, a human-promotion marker at the declared boundary, and pass rows for the promotion, overlap, and s
main.tex	3066	theorem	thm:publication-safety-interface	Bounded software-audit interface under record-gate soundness	Abstract finite-record interface	Consider a theory-to-paper pipeline with the operational interface above and a finite submitted record surface consisting only of the manuscript source, printed tables, submitted manifests, uploaded review-bundle records, recorded logs, and explicitly declared historical boundaries. Assume the following four distinct finite-record hypotheses. enumerate Acceptance entries: every load-bearing claim in an active manuscript is either rejected or has an acceptance entry with an evidence surface insid
main.tex	3173	theorem	thm:gate-implementation-soundness-upgrade-obstruction	Gate implementation-soundness upgrade obstruction	Abstract finite-record interface	Let $c$ be a claim accepted by Theorem~thm:publication-safety-interface through the record-gate-soundness hypothesis, and let $c^{impl}$ be a proper strengthening asserting implementation soundness of one or more concrete gate programs used to construct or check the acceptance record for $c$. Then $c^{impl}$ is accepted by the same finite-record interface if and only if, for every asserted gate program, the submitted support surface is enlarged by a gate-implementation coordinate containing enum
main.tex	3340	theorem	thm:finite-record-certificate-rigidity	Finite-record certificate rigidity	Abstract finite-record interface	Fix the finite submitted record surface $S$, acceptance ledger $L$, dispatch table $$, and schema verifier $V$ used in Theorem~thm:publication-safety-interface. Assume the same record-gate soundness and source-interface hypotheses as that theorem. For every accepted load-bearing claim $c$ with certificate \( C(c)=(K,,E,H,R,D,B)\), the following are equivalent for a properly stronger reading $c^{+}$ in the preorder of Definition~def:stronger-reading-preorder. enumerate The same interface accepts 
main.tex	3422	theorem	thm:boundary-axis-non-escalation-exactness	Boundary-axis exact non-escalation	Abstract finite-record interface	Assume the hypotheses of Theorem~thm:publication-safety-interface, and let \(c\) be any load-bearing claim accepted by the finite certificate constructed there. The following five stronger readings of \(c\), when they are not already record-equivalent to \(c\), are accepted by the same publication-safety interface if and only if the submitted finite support surface contains the indicated positive extension coordinates and the added coordinates pass the gates assigned by \(\): enumerate An extern
main.tex	3558	theorem	thm:mixed-interface-overclaim-skeleton	Mixed-interface overclaim skeleton	Abstract finite-record interface	Assume the hypotheses of Theorem~thm:publication-safety-interface. Let $c$ be an accepted load-bearing claim whose proof uses one or more of the following interface families: record-gate passage, bounded source-interface import, current-package ledger rows, manifest-bounded finite-witness rows, or theorem-obligation inventory rows. Let $c^{+}$ be a proposed reading obtained from $c$ by adding any finite nonempty set $J$ of stronger demands from the following five axes: enumerate gate implementat
main.tex	3664	theorem	thm:presentation-scoped-boundary-normal-form	Package-local boundary normal form for the presentation package	Abstract finite-record interface	Assume the submitted package is evaluated only through the finite-record interface of Theorem~thm:publication-safety-interface. Then every accepted load-bearing claim using one of the five interface components below has the stated maximal bounded reading, and every strictly stronger reading has the indicated unpaid obstruction unless the submitted surface is enlarged by a fresh finite coordinate and its assigned pass record. enumerate Publication safety: the accepted reading is conditional finit
main.tex	3783	theorem	thm:five-axis-upgrade-obstruction	Package-local five-axis upgrade obstruction	Abstract finite-record interface	Assume the hypotheses of Theorem~thm:publication-safety-interface. Let $c$ be an accepted load-bearing claim in this presentation package, evaluated with this paper's finite schema, submitted support surface, dispatch table $$, and boundary axis map, whose proof uses at least one of the following bounded interfaces: \[ record-gate, source-interface, finite-witness, primary-inventory, theorem-inventory. \] For each such interface there is a finite upgrade coordinate \(U_j(c) (c,c^{+})\) with the 
main.tex	3893	theorem	thm:current-boundary-skeleton-non-gluing	Current package-local boundary skeleton and non-gluing lower bound	Abstract finite-record interface	Assume the support-surface hypotheses used by the current-package instantiation, including the six-row state $P^{+}_{6}$ of Theorem~thm:current-package-certificate-exactness, the finite-script projection records of Theorem~thm:concrete-finite-script-implementation-soundness, the bounded source-interface certificate of Theorem~thm:bounded-source-interface-maximality, the manifest-bounded artifact coordinate $ M_{a_6}$ of Theorem~thm:finite-witness-manifest-record-interface, and the syntactic theo
main.tex	4032	proposition	prop:certificate-constructor-bad-subrecord-extractor	Certificate constructor and bad-subrecord extractor	Abstract finite-record interface	Assume the four finite-record hypotheses of Theorem~thm:publication-safety-interface. For every ledger row \(c\) there is a deterministic partial constructor \[ Cert_{}(c)=(K,,E,H,R,D,B) \] and a deterministic extractor \(Bad_{}(c)\) with the following properties. enumerate \(Cert_{}(c)\) is defined and accepted if and only if the six-clause predicate \(Acc_{}(c,Cert_{}(c))\) holds. If \(Cert_{}(c)\) is rejected, then \(Bad_{}(c)\) is an inclusion-minimal finite bad subrecord of one of the five 
main.tex	4096	proposition	prop:publication-safety-maximality	Finite-record maximality	Abstract finite-record interface	Under the hypotheses of Theorem~thm:publication-safety-interface, the constructed certificate is maximal with respect to the finite submitted record surface, in the dependency order isolated in Proposition~prop:publication-safety-dependency-normal-form. More precisely, let $c$ be an accepted load-bearing claim and let $Cert_{}(c)=(K,,E,H,R,D,B)$ be the certificate constructed in that theorem. If a stronger reading $c^{+}$ asserts any external end-to-end compiler correctness, current execution of
main.tex	4140	corollary	cor:publication-safety-current-package-instance	Current-package bounded source-level audit instance	Abstract finite-record interface	For the current package, assume the support-surface condition later closed by Theorem~thm:final-support-surface-closure: the exact supplemental review_bundle/ directory is uploaded with the submission, or an archive-equivalent replacement with matching final digest records is supplied. Under that explicit availability condition, the finite pass-row components of the hypotheses of Theorem~thm:publication-safety-interface are witnessed by the machine-readable evidence map of Proposition~prop:machi
main.tex	4189	corollary	cor:finite-record-gate-soundness-boundary	Finite-record boundary for external gate soundness	Abstract finite-record interface	Under the hypotheses of the finite-record interface theorem, Theorem~thm:publication-safety-interface, the publication-safety conclusion is invariant under replacement of the surrounding implementation by any other implementation with the same submitted acceptance entries, evidence surfaces, promotion fields, discovery-interface rows, and evidence-level boundaries. Therefore the theorem cannot be used, without an additional submitted record-gate-soundness certificate, to infer external workflow 
main.tex	4236	theorem	thm:implementation-soundness-extension-criterion	Boundary extension criterion for implementation-soundness readings	Abstract finite-record interface	Fix the dispatch table $$ and the finite certificate schema of Proposition~prop:finite-certificate-schema-verifier. A reading of a load-bearing package claim as an implementation-soundness claim is accepted by the same publication-safety interface if and only if the submitted finite record surface is enlarged by an implementation-soundness extension record \[ Impl(c)=(K^{impl},E^{impl},R^{impl},B^{impl}) \] with the following properties. enumerate $K^{impl}$ contains the additional implementatio
main.tex	4322	corollary	cor:submitted-gate-implementation-contract-dichotomy	Submitted gate-implementation contract dichotomy	Abstract finite-record interface	Fix the package ledger $L$, support surface $S$, and dispatch table $$ of the publication-safety interface. A claim that the actual gate-producing daemons or human workflow of the package satisfy record-gate soundness is accepted by the theorem chain of this paper only in the following submitted-form case: the package includes a finite implementation contract \[ GateImpl(P)=(I,E_I,R_I,B_I) \] where $I$ names the gate-producing implementations and human boundary procedures, $E_I S$ names their so
main.tex	4371	theorem	thm:external-interface-projection-no-free-upgrade	External-interface projection and no-free-implementation upgrade	Abstract finite-record interface	Fix a package $P$, submitted surface $S$, acceptance ledger $L$, and dispatch table $$. Let $(P,S,L,)$ be the finite record projection that retains only the fields read by the certificate schema: claim kinds, evidence levels, submitted evidence pointers, human-promotion fields, assigned passing gate rows, discovery-interface rows, and command-boundary tuples. Then the following are equivalent for the publication-safety conclusion of Theorem~thm:publication-safety-interface. enumerate The theorem
main.tex	4471	proposition	prop:current-package-acceptance-certificate-ledger	Current-package acceptance and certificate ledger	Primary-claim inventory audit	Let $P^{+}$ be the finite current package consisting of the primary source submission_abstract.tex, this supplement main.tex, and, under the exact-or-archive-equivalent support-surface condition of Proposition~audit:review-bundle-availability-condition, review_bundle/REVIEW_BUNDLE_MANIFEST.json, together with review_bundle/certificate_schema.json, review_bundle/current_package_pass_records.json, review_bundle/submission_interface_map.json, review_bundle/primary_claim_inventory.json, review_bundl
main.tex	4581	theorem	thm:current-package-certificate-exactness	Current-package bounded schema-relative certificate exactness	Current-package instantiation	For the six-row finite current-package state $P^{+}_{6}$ of Proposition~prop:current-package-acceptance-certificate-ledger, assume the support-surface availability condition of Theorem~thm:final-support-surface-closure: the submitted supplemental material contains the exact review_bundle/ directory with review_bundle/FINAL_DIGESTS_SHA256.md, with refreshed digest rows and rerun finite-verifier logs for every named bundle coordinate regenerated after the digest surface was written. Equivalently, 
main.tex	4705	theorem	thm:manual-ledger-dependence-boundary	Ledger dependence and semantic extractor-completeness boundary	Current-package instantiation	For the current package, the exactness assertions in Proposition~prop:current-package-acceptance-certificate-ledger, Theorem~thm:current-package-certificate-exactness, and Theorem~thm:theorem-obligation-ledger-boundary are exactly finite-record claims over the displayed ledger rows, the submitted theorem-obligation inventory, and the syntactic theorem-environment extractor certificate of Theorem~thm:deterministic-theorem-environment-extractor-boundary. They therefore imply deterministic label co
main.tex	4784	corollary	cor:row-frozen-current-package-invariance	Row-frozen current-package invariance	Current-package instantiation	Under the support-surface hypotheses of Theorem~thm:current-package-certificate-exactness, the current-package acceptance decision factors through the six displayed rows \(a_1,,a_6\) and their certificate fields only. Any two ambient repository, daemon, artifact, or venue states that induce the same six tuples \( C(a_i)=(K_i,_i,E_i,H_i,R_i,D_i,B_i)\), the same submitted support surface, and the same verifier log path induce the same accepted current-package certificate set. Conversely, a reading
main.tex	4826	theorem	thm:current-package-extension-coordinate-rigidity	Current-package extension-coordinate rigidity	Current-package instantiation	Assume the support-surface hypotheses of Theorem~thm:current-package-certificate-exactness. Let \(P^{+}_{6}\) be the accepted six-row current-package state and let \(F_{6}\) be its finite schema projection: the row identifiers \(a_1,,a_6\), their tuples \( C(a_i)=(K_i,_i,E_i,H_i,R_i,D_i,B_i)\), the submitted support surface, the fixed dispatch table, and the recorded verifier log. Then \(F_{6}\) is the largest current-package invariant certified by this submission before adding a new finite coor
main.tex	4919	theorem	thm:current-package-semantic-non-escalation	Current-package semantic non-escalation	Current-package instantiation	Let $P^{+}_{6}$ be the six-row current-package state of Theorem~thm:current-package-certificate-exactness, and assume the same support-surface availability condition. For each accepted row $a_i$ with certificate \( C(a_i)=(K_i,_i,E_i,H_i,R_i,D_i,B_i)\), the following are equivalent for any proposed stronger reading $a_i^{+}$ of the same manuscript row. enumerate $a_i^{+}$ is accepted by the finite-record safety interface for the current package. The package supplies a positive extension record \
main.tex	4985	theorem	thm:named-boundary-positive-coordinate-classification	Named boundary positive-coordinate classification	Current-package instantiation	Assume the support-surface hypotheses of Theorem~thm:current-package-certificate-exactness. Let $F_{6}$ be the finite six-row projection of Theorem~thm:current-package-extension-coordinate-rigidity. Consider a proposed strengthened reading of one of the following six boundary interfaces: enumerate reading Theorem~thm:publication-safety-interface as end-to-end correctness of the AI-assisted workflow rather than conditional finite-record non-escalation; reading Theorem~thm:concrete-finite-script-i
main.tex	5095	corollary	cor:current-package-path-verified-instantiation	Current package path-verified instantiation	Current-package instantiation	For the current presentation package, let $P$ be the finite package consisting of the primary source submission_abstract.tex, this supplement main.tex, and the exact-or-archive-equivalent review-bundle support surface of Proposition~audit:review-bundle-availability-condition, together with the executable certificate records named in Proposition~prop:machine-readable-certificate-records. Root-level workflow diagnostic files are local historical/path-verified context only unless their records are 
main.tex	5198	lemma	lem:gate-witness-criterion	Gate-witness criterion	Case-study witness protocol	A case record is a historical path-verified witness for the safety interface when it names the source or artifact snapshot surface, the invariant that failed, the gate decision recorded for that snapshot, and the safe manuscript lesson. Under the finite-record interface theorem, Theorem~thm:publication-safety-interface, such a witness can support a case-study claim about the recorded historical gate surface, but not a stronger command-run, benchmark, live-daemon, rebuild, dynamic-artifact, or se
main.tex	5223	proposition	prop:path-complete-case-witnesses	Path-complete case witnesses	Case-study witness protocol	Suppose a case-study row is used as load-bearing evidence for the finite-record interface theorem, Theorem~thm:publication-safety-interface. If the row is path-complete in the sense above, then the row supplies exactly the evidence surface required for a path-verified historical snapshot case claim and no evidence surface for a fresh daemon, full-source, theorem-content, artifact-suite, benchmark, or semantic-substrate rerun. In fact every accepted path-complete case row factors through one of f
main.tex	5351	proposition	prop:review-bundle-case-snapshot-coverage	Review-bundle case-snapshot coverage	Case-evidence protocol.	For the four case-study rows in Table~tab:case-witnesses, the review bundle contains a finite external-review surface for every local case path used by the paper. The Newmath block has two local paths, the upper-fibers block has five local paths, the fake-extension block has two local paths, and the Rule110 block has four local paths, for thirteen local-path strings after resolving this paper's relative ARTIFACT_INVENTORY.md to its absolute path in the paper directory. The manifest file review_b
main.tex	5410	theorem	thm:case-witness-skeleton-rigidity	Case-witness skeleton rigidity	Case-evidence protocol.	Let \(r\) be one of the four case-study rows in Table~tab:case-witnesses, and assume the path-completeness and review-bundle coverage conclusions of Propositions~prop:path-complete-case-witnesses and prop:review-bundle-case-snapshot-coverage. Then the accepted information carried by \(r\) is exactly one of the following four skeleton lessons and no other reproducibility or semantic-validation lesson: enumerate a promotion skeleton: an intake packet is not daemon-visible publication work before h
main.tex	5553	proposition	audit:fresh-venue-record-criterion	Fresh venue-record criterion	Submission-interface checklist.	Assume that, immediately before the actual upload action or at a time explicitly recorded as unchanged for that action, the final submitted support surface contains either the venue-check record VENUE_CHECK.md and log VENUE_CHECK_RUN_2026-06-04.log, the later local-date rerun log review_bundle/VENUE_BIBLIOGRAPHY_LIVE_CHECK_2026-06-09.log, or an archive-equivalent replacement naming the same checked URLs, observation time, route rules, command result, source state, environment, exit code, and log
main.tex	5596	theorem	thm:venue-rule-freshness-non-escalation	Venue-rule freshness non-escalation	Submission-interface checklist.	Let $U$ be the finite dated venue record consisting of the official call URL, the submission-form URL, the style-guideline URL, the observation date and time, the HTTP-status run witness VENUE_CHECK_RUN_2026-06-04.log or the later rerun witness review_bundle/VENUE_BIBLIOGRAPHY_LIVE_CHECK_2026-06-09.log, the observed route class, page limit, proceedings boundary, deadline, supplement access rule, and the local witness rows in Table~tab:venue-submission-pack-gate. The venue component of the curren
main.tex	5640	corollary	cor:historical-venue-record-non-escalation	Historical venue record non-escalation	Submission-interface checklist.	The venue check recorded at VENUE_CHECK_RUN_2026-06-04.log, with local observation time 2026-06-04 10:15 Asia/Singapore, is a historical venue record. For the present post-2026-06-04 source state it is superseded, for local readiness only, by the rerun log review_bundle/VENUE_BIBLIOGRAPHY_LIVE_CHECK_2026-06-09.log and its companion record review_bundle/VENUE_BIBLIOGRAPHY_LIVE_CHECK_2026-06-09.md, whose local observation time and exit code are the fields printed in those files. Neither dated reco
main.tex	5670	corollary	cor:upload-time-venue-compliance-record-requirement	Upload-time venue-compliance record requirement	Submission-interface checklist.	The logs VENUE_CHECK_RUN_2026-06-04.log and review_bundle/VENUE_BIBLIOGRAPHY_LIVE_CHECK_2026-06-09.log are dated local-readiness records. For the current package they certify only the venue rule state observed at their recorded observation times. The current source package contains no EasyChair upload receipt, no completed-upload timestamp, and no finite statement tying a completed upload to the unchanged venue-rule state; the public branch/path archive-equivalent locator is a support-surface lo
main.tex	5719	proposition	prop:round-five-venue-record-instantiation	Round-five venue-record instantiation	Submission-interface checklist.	The files review_bundle/VENUE_BIBLIOGRAPHY_LIVE_CHECK_2026-06-09.log and review_bundle/VENUE_BIBLIOGRAPHY_LIVE_CHECK_2026-06-09.md instantiate the dated local-readiness branch required by Corollary~cor:upload-time-venue-compliance-record-requirement. Their finite fields are the command PowerShell Invoke-WebRequest against CICM route pages and bibliography authority pages, environment Windows PowerShell 5.1 from paper directory; network enabled, source state current working tree for main.tex, sub
main.tex	5770	proposition	audit:venue-submission-pack-gate	Venue-submission pack gate	Submission-interface checklist.	Assume only the dated venue-rule records currently named in this source package, with no upload receipt, no completed-upload timestamp, no archive-equivalent locator, and no unchanged-rule statement for a completed upload. Then the current package is submission-pack ready for this route only as a local pre-upload checklist exactly when the finite gate in Table~tab:venue-submission-pack-gate passes: the primary artifact is the two-page-plus-bibliography source submission_abstract.tex, the LNCS-st
main.tex	5841	proposition	audit:submission-artifact-role-separation	Submission artifact role separation	Submission-interface checklist.	For the current presentation-only route, the primary artifact, long technical supplement, and review bundle have distinct review roles. The primary source submission_abstract.tex states the presentation claim, main.tex proves the long-form interface theorems and records the case tables, and review_bundle/ supplies the supplemental source snapshots, case snapshots, and machine-readable manifest rows. None of these roles converts the support bundle into a second primary submission or converts a pr
main.tex	5933	proposition	prop:formal-source-gate-instantiation	Formal-source gate instantiation	Submission-interface checklist.	For the current presentation package, the Lean-facing assertions in rows pc3 and pc4 of Table~tab:primary-claim-inventory are accepted only as bounded contextual interfaces, not as accepted formal-source claims. The accepted certificate surface is the traceability row $a_1$, the fake-extension boundary row $a_5$, Table~tab:source-interface-record, source_interface_record.json, review_bundle/primary_claim_inventory.json, and review_bundle/certificate_schema.json. These records certify that the sh
main.tex	6000	theorem	thm:formal-source-promotion-obstruction	Formal-source promotion obstruction	Submission-interface checklist.	In the current presentation package, no manuscript sentence about the Lean/BEDC source interface can be promoted from bounded contextual interface evidence to an accepted formal-source claim unless the certificate is enlarged by an accepted formal-source row containing build-gate and axiom-purity-gate pass records. If a fresh execution reading is also asserted, the certificate must additionally contain the command, source commit or final package digest manifest, environment, exit code, and log p
main.tex	6041	theorem	thm:evidence-level-overclaim-obstruction	Evidence-level overclaim obstruction	Submission-interface checklist.	Fix the certificate schema, dispatch function, and evidence-level vocabulary of this paper. Let $c$ be a load-bearing claim whose accepted certificate has level path-verified and whose boundary field $B$ records that no command-run assertion is made. Then every stronger reading of $c$ that asserts any of the following additional conclusions is rejected by the finite schema verifier: enumerate external gate soundness for an arbitrary implementation of the workflow; Lean correctness, full-source r
main.tex	6116	theorem	thm:finite-witness-manifest-record-interface	Finite-witness manifest-bounded record interface	Submission-interface checklist.	This theorem is a manifest-bounded finite-record interface instance of Theorem~thm:evidence-level-overclaim-obstruction: it records only the bounded manifest/evaluator coordinates that may be checked, and it rejects stronger artifact readings unless the package supplies the additional finite records required for them, such as semantic-validation pass records or fresh rerun logs. The interface domain is the finite set \[ M_{a_6}=\{manifest entry,local paths, reviewable snapshots,boundary field, s
main.tex	6236	proposition	prop:artifact-validation-gate-unique-semantic-upgrade	Artifact-validation gate is the unique semantic upgrade	Submission-interface checklist.	For a finite-witness artifact claim certified through the manifest-bounded coordinate set $ M_{a_6}$ of Theorem~thm:finite-witness-manifest-record-interface, any strengthening to dynamic artifact semantics, unbounded evaluator correctness, or semantic Rule110/GroundCompiler validity factors through a separate artifact-validation gate. Such a gate must add, at minimum, the evaluator contract, the artifact bytes or manifest row being validated, the semantic predicate checked, and either an artifac
main.tex	6275	corollary	cor:artifact-semantic-validity-boundary	Artifact semantic-validity boundary for finite witnesses	Submission-interface checklist.	Let $c$ be a finite-witness artifact claim in the current package whose accepted certificate uses the artifact row $a_6$, and let $ M_{a_6}$ be the manifest-bounded coordinate set of Theorem~thm:finite-witness-manifest-record-interface. If a proposed stronger reading $c^{sem}$ asserts semantic validity of the unbounded Rule110/GroundCompiler artifact, semantic correctness of a dynamic evaluator, or artifact validity beyond the exact evaluator contract recorded in $ M_{a_6}$, then $c^{sem}$ is no
main.tex	6368	theorem	thm:primary-to-support-dependency-completeness	Primary-to-support dependency completeness	Submission-interface checklist.	Assume that the primary presentation source submission_abstract.tex, the technical supplement main.tex, the primary-claim inventory review_bundle/primary_claim_inventory.json, and the support map in Table~tab:primary-claim-support-map are included in the same finite support surface. Then every load-bearing primary row pc1,,pc12 factors through one of the support classes displayed in Table~tab:primary-claim-support-map. More precisely, the support map is a finite surjection from the twelve primar
main.tex	6436	proposition	prop:primary-claim-row-classification	Primary-claim conditional inventory-audit classification	Submission-interface checklist.	Assume the current primary source submission_abstract.tex is the submitted primary artifact, the twelve-row inventory review_bundle/primary_claim_inventory.json is supplied with the review bundle or an accepted archive-equivalent support surface, and the finite manual inventory audit has identified pc1,,pc12 as the load-bearing primary assertions. Then the current primary-claim inventory is complete for the short presentation note in the following conditional inventory-audit sense. Rows pc1, pc8
main.tex	6501	proposition	prop:primary-inventory-freshness-criterion	Primary-inventory freshness criterion	Submission-interface checklist.	Let $S$ be a later edited version of submission_abstract.tex, and let $I$ be a primary-claim inventory with rows of the same form as review_bundle/primary_claim_inventory.json: each row gives a location in $S$, a claim text or bounded paraphrase, a row status, a certificate surface, and an evidence level. Suppose a manual claim audit of $S$ produces a finite list of load-bearing assertions and verifies the following three conditions: enumerate every load-bearing assertion in $S$ appears in exact
main.tex	6573	proposition	prop:primary-supplement-interface-map	Primary--supplement interface map	Submission-interface checklist.	Every load-bearing claim made in the current primary artifact submission_abstract.tex is certified by an explicit supplement theorem, table row, or manifest row at a declared evidence level. The certification map is Table~tab:submission-interface-map, refined by Table~tab:primary-claim-inventory, and mirrored in the submission_interface_map field of review_bundle/REVIEW_BUNDLE_MANIFEST.json and the file review_bundle/submission_interface_map.json. Therefore a reviewer can check the short-paper p
main.tex	6822	theorem	thm:exact-inclusion-support-surface-realization	Exact-inclusion support-surface realization	Review-bundle and archive-equivalence condition	For the current package the selected support branch is exact supplemental inclusion of review_bundle/, but this branch remains conditional until an external upload-or-archive instantiation record exists. If the completed submission contains that directory, together with theorem_inventory.json and theorem_inventory.md, and those three support surfaces match the post-inventory digest rows listed in review_bundle/FINAL_DIGESTS_SHA256.md, then every bundle-backed claim in this supplement has a submi
main.tex	6866	theorem	thm:public-branch-archive-equivalent-realization	Public branch archive-equivalent locator criterion	Review-bundle and archive-equivalence condition	Let $L$ be the public automath branch/path coordinate recorded in review_bundle/REVIEW_BUNDLE_MANIFEST.json and in auditable-pipeline-review-bundle. If $L$ contains theorem_inventory.json, theorem_inventory.md, and the regular files under review_bundle/ with the same relative paths and the SHA--256 rows printed in review_bundle/FINAL_DIGESTS_SHA256.md, and if $L$ is pinned by commit or immutable release identifier, or else the branch head and byte-equality record are refreshed together at the fi
main.tex	6928	corollary	cor:submission-time-support-instantiation-test	Submission-time support instantiation test	Review-bundle and archive-equivalence condition	For a completed presentation-only submission, the bundle-backed and venue/bibliography-backed claims in this package instantiate external support if and only if the submitted support surface contains one of the following finite normal forms: enumerate exact inclusion of theorem_inventory.json, theorem_inventory.md, and review_bundle/, with review_bundle/FINAL_DIGESTS_SHA256.md regenerated after the inventory, extractor, verifier, primary-claim-freshness, and venue/bibliography records used by th
main.tex	6982	theorem	thm:final-support-surface-closure	Final support-surface closure	Review-bundle and archive-equivalence condition	For the current package, using Proposition~prop:final-package-shape-convention, Audit record~prop:exact-review-bundle-upload-witness, and Theorem~thm:exact-inclusion-support-surface-realization, the bundle-backed claims in this supplement are admissible at the stated path-verified evidence level exactly when the submitted supplemental material contains the exact directory review_bundle/ whose final packaging record is review_bundle/FINAL_DIGESTS_SHA256.md. The exact directory branch also require
main.tex	7104	theorem	thm:workspace-final-package-reconciliation	Workspace-to-final-package reconciliation	Review-bundle and archive-equivalence condition	Let $D_0$ be the digest manifest review_bundle/FINAL_DIGESTS_SHA256.md, and let $H_i$ denote the source state printed in verifier log $i$. The source-state claim made in Audit record~prop:final-immutable-package-state-certificate is the finite package claim consisting of these recorded pairs $(H_i,D_0)$, not a claim that every later reviewer checkout, editor workspace, or post-packaging working tree has Git HEAD equal to a single historical commit. If a current workspace reports a different Git 
main.tex	7197	theorem	thm:support-surface-normal-form	Support-surface normal form for bundle-backed claims	Review-bundle and archive-equivalence condition	For the current presentation package, every accepted use of a bundle-backed certificate coordinate is in exactly one of the following normal forms. enumerate Exact inclusion: an external upload or submission receipt records that the submitted support surface contains the exact review_bundle/ directory whose certificate-file bytes match review_bundle/FINAL_DIGESTS_SHA256.md. Archive-equivalent inclusion: a replacement archive satisfies every row of Table~tab:review-bundle-archive-equivalence, inc
main.tex	7264	theorem	thm:support-surface-invariant-compression	Support-surface invariant compression	Review-bundle and archive-equivalence condition	Let $ S$ be the family of support-surface and post-inventory claims in Theorems~thm:final-support-surface-closure, thm:workspace-final-package-reconciliation, thm:support-surface-normal-form, and thm:post-inventory-package-fixed-point, together with Corollary~cor:stable-replay-post-inventory-tuple. For the current package, every member of $ S$ is a projection of the same finite support tuple \[ =(F,M,D,R,Q), \] where $F$ is the selected relative file list, $M$ is the review-bundle manifest, $D$ 
main.tex	7329	theorem	thm:upload-or-archive-instantiation-boundary	Upload instantiation boundary	Review-bundle and archive-equivalence condition	Before the bundle-backed claims of this supplement are treated as part of a completed venue submission, the external submission record must instantiate one support-surface branch selected by Proposition~prop:final-package-shape-convention and Theorems~thm:final-support-surface-closure and thm:support-surface-normal-form. Either it must record that review_bundle/ was uploaded exactly with digest manifest $D_0$ and with the root theorem_inventory.json coordinate named by the manifest and ledger, o
main.tex	7372	corollary	cor:upload-or-archive-instantiation-record	Upload-or-archive instantiation record	Review-bundle and archive-equivalence condition	The bundle-backed support claims of the current package may be used only under the external-record condition of Theorem~thm:upload-or-archive-instantiation-boundary. In particular, review_bundle/FINAL_DIGESTS_SHA256.md is a local byte-level packaging manifest and not, by itself, an upload receipt, DOI, or proof that the public branch/path locator already contains the matching bytes. Thus the current package has a conditional local-support reading unless a later exact-upload receipt or archive-eq
main.tex	7395	proposition	prop:no-external-instantiation-from-local-bundle-records	No external instantiation from local bundle records	Review-bundle and archive-equivalence condition	In the current source package, the rows of review_bundle/FINAL_DIGESTS_SHA256.md, the manifest fields of review_bundle/REVIEW_BUNDLE_MANIFEST.json, the bibliography entries automath-publication-pipeline,auditable-pipeline-review-bundle, and the support notes in this supplement instantiate only a local exact-inclusion support mode and name the public branch/path archive-equivalent coordinate. They do not by themselves instantiate either admissible external-support branch of Corollary~cor:upload-o
main.tex	7439	proposition	prop:upload-or-archive-instantiation-update-protocol	Upload-or-archive instantiation update protocol	Review-bundle and archive-equivalence condition	Suppose a later venue upload receipt or archive-equivalent locator is to be used to replace the current no-receipt boundary of Corollary~cor:upload-or-archive-instantiation-record by an externally instantiated submitted-support claim. Then the replacement is accepted by the finite-record interface if and only if one of the two following finite update protocols is performed. The manuscript surfaces in the statement are precisely submission_abstract.tex and main.tex; the manifest surface is review
main.tex	7530	corollary	cor:current-no-receipt-support-surface-non-escalation	Current no-receipt support-surface non-escalation	Review-bundle and archive-equivalence condition	In the current source package the records review_bundle/FINAL_DIGESTS_SHA256.md, review_bundle/REVIEW_BUNDLE_MANIFEST.json, review_bundle/current_package_pass_records.json, and theorem_inventory.json contain no venue upload receipt, public DOI, or institutional archive identifier for review_bundle/. They do record the public automath branch/path coordinate as an archive-equivalent locator, but only under matching file-list, digest, manifest, and path-semantics tests. Hence every claim whose evid
main.tex	7583	corollary	cor:fresh-inventory-digest-instance-this-source-state	Fresh inventory digest instance for this source state	Review-bundle and archive-equivalence condition	In the present source state, the regenerated files theorem_inventory.json and theorem_inventory.md are closed as local exact-inclusion coordinates only after their SHA-256 rows in review_bundle/FINAL_DIGESTS_SHA256.md are recomputed from the bytes of those two files and the finite command-boundary table names that refreshed manifest state. This corollary supplies no upload receipt, archive locator, extractor-completeness certificate, or semantic proof check; it supplies only the local byte-coord
main.tex	7615	theorem	thm:digest-closure-refresh-criterion	Digest-closure refresh criterion for final package claims	Review-bundle and archive-equivalence condition	For the current presentation package, any claim that a submitted support surface has exact final digests is accepted only for a closed finite state $D$ satisfying all of the following conditions. enumerate The digest manifest review_bundle/FINAL_DIGESTS_SHA256.md contains SHA-256 rows for main.tex, submission_abstract.tex, references.bib, source_interface_record.json, theorem_inventory.json, theorem_inventory.md, and every file in the selected review_bundle/ support directory. The digest rows ar
main.tex	7684	theorem	thm:submission-support-refresh-rigidity	Submission support refresh rigidity	Review-bundle and archive-equivalence condition	Let $S$ be a source package for this presentation route, and suppose $S$ changes one of the following four support coordinates after the last accepted digest manifest was written: enumerate the theorem-obligation inventory bytes in theorem_inventory.json or theorem_inventory.md; a verifier or extractor log used to support a command-result claim; the primary-source line-span coordinate checked by review_bundle/verify_primary_claim_inventory.py; or the asserted venue-status coordinate, upgraded fr
main.tex	7756	proposition	prop:primary-architectural-fallback-without-external-support	Primary architectural fallback without external support	Review-bundle and archive-equivalence condition	Assume the current source package is used without an upload receipt for the exact review_bundle/ directory and without an archive-equivalent replacement satisfying Audit record~audit:review-bundle-archive-equivalence. Then the primary presentation article may assert only the source-level architecture and path-verified local-package claims whose evidence surfaces are visible outside the missing bundle. In particular, the theorem-ledger claim of Theorem~thm:theorem-obligation-ledger-boundary, the 
main.tex	7822	theorem	thm:deterministic-theorem-environment-extractor-boundary	Deterministic theorem-environment extractor boundary	Review-bundle and archive-equivalence condition	Let the theorem-like environment domain $ E$ for this package consist of the five environment names definition, lemma, proposition, theorem, and corollary. The command python review_bundle/extract_theorem_environments.py run on main.tex and theorem_inventory.json is a deterministic syntactic extractor for the following finite claim only: every labelled environment in main.tex whose environment name belongs to $ E$ is listed by label in theorem_inventory.json; every such environment is labelled; 
main.tex	7869	theorem	thm:extractor-domain-exactness-non-gluing	Extractor-domain exactness and non-gluing	Review-bundle and archive-equivalence condition	For the submitted theorem-inventory surface, the command python review_bundle/extract_theorem_environments.py is exact for one domain and impossible to glue beyond that domain without an added finite coordinate. Its exact domain is the syntactic label-coverage predicate on \[ E=\{definition,lemma,proposition, theorem,corollary\}. \] An exit-code-zero run proves precisely that the source has no unlabelled environment in $ E$, no duplicate label among those environments, and no labelled environmen
main.tex	7930	theorem	thm:final-byte-extractor-inventory-inclusion	Final-byte extractor inventory inclusion	Review-bundle and archive-equivalence condition	Fix a manuscript source byte string $M$, an inventory byte string $J$, and the extractor byte string review_bundle/extract_theorem_environments.py. Let $T(M)$ be the finite set of labels obtained by running that extractor on the five-environment domain $ E$ of Theorem~thm:deterministic-theorem-environment-extractor-boundary, and let $I(J)$ be the finite set of inventory labels read from $J$ with the accepted theorem-label prefixes. For the final bytes of this package, a zero-exit extractor run i
main.tex	8000	theorem	thm:theorem-inventory-proofchecker-obstruction	Theorem-inventory proof-checker obstruction	Review-bundle and archive-equivalence condition	Let $ E$ be the five-environment domain \{definition, lemma, proposition, theorem, corollary\} in main.tex. The finite theorem-inventory support surface consisting of theorem_inventory.json, theorem_inventory.md, and the output of python review_bundle/extract_theorem_environments.py classifies exactly labelled-environment coverage in $ E$: every labelled environment in $ E$ is present in the inventory, no such label is missing or duplicated, and no inventory conclusion glues to material outside 
main.tex	8048	theorem	prop:manual-theorem-inventory-boundary	Theorem-inventory boundary	Review-bundle and archive-equivalence condition	This theorem retains the legacy cross-reference label prop:manual-theorem-inventory-boundary for compatibility with earlier acceptance-ledger entries; its environment category is theorem, not proposition. The file theorem_inventory.json is a theorem-obligation inventory record whose current support has two finite parts. First, it is an obligation ledger selected by finite-record review and connected to the manifest and acceptance ledger. Second, Theorem~thm:deterministic-theorem-environment-extr
main.tex	8100	proposition	prop:regenerated-theorem-inventory-digest-closure	Regenerated theorem-inventory digest closure	Review-bundle and archive-equivalence condition	Suppose a theorem-inventory pass regenerates either theorem_inventory.json or theorem_inventory.md after the package has selected the exact-inclusion support branch. Then the final support-surface claims of Theorem~thm:final-support-surface-closure, the submitted theorem-ledger claim of Theorem~thm:theorem-obligation-ledger-boundary, and the command boundary of Proposition~audit:command-run-boundary-inventory remain closed only under the fixed-point conditions of Theorem~thm:digest-closure-refre
main.tex	8149	corollary	cor:current-theorem-inventory-digest-instance	Current theorem-inventory digest instance	Review-bundle and archive-equivalence condition	For the present local support package, after theorem_inventory.json and theorem_inventory.md have been regenerated, the submitted theorem-obligation ledger may be cited in Theorem~thm:theorem-obligation-ledger-boundary only through the refreshed digest rows for those two files in review_bundle/FINAL_DIGESTS_SHA256.md and through fresh finite-record verifier logs produced after the regenerated inventory files are present. If either the two digest rows or the post-regeneration verifier logs are ab
main.tex	8185	proposition	prop:post-inventory-fixed-point-support-certificate	Post-inventory fixed-point support certificate	Review-bundle and archive-equivalence condition	In the present package state, the two regenerated theorem-inventory files are accepted by the exact-inclusion theorem-ledger chain only at the following finite fixed point: the rows of review_bundle/FINAL_DIGESTS_SHA256.md name theorem_inventory.json and theorem_inventory.md; the same digest manifest names the refreshed logs review_bundle/certificate_verification_run.log, review_bundle/source_interface_verification_run.log, review_bundle/primary_claim_inventory_freshness_2026-06-09.log, and revi
main.tex	8242	theorem	thm:post-inventory-finite-record-realization	Post-inventory finite-record realization	Review-bundle and archive-equivalence condition	Suppose the following finite records are present in the current source package: enumerate theorem_inventory.json and theorem_inventory.md; a zero-exit log for python review_bundle/extract_theorem_environments.py computed after those two files were written; zero-exit logs for python review_bundle/verify_certificate_records.py, python review_bundle/verify_source_interface_record.py, and python review_bundle/verify_primary_claim_inventory.py computed against the same post-inventory package state; a
main.tex	8307	theorem	thm:theorem-obligation-ledger-boundary	Seven-row submitted theorem-obligation ledger integration	Review-bundle and archive-equivalence condition	Let $P^{+}_{7}$ be the seven-row support state obtained from $P^{+}_{6}$ by the conservative finite-record extension of Theorem~thm:nested-package-states, namely by adding exactly the submitted theorem-ledger coordinate a7. In $P^{+}_{7}$, the theorem-obligation ledger is no longer a detached review-only artifact: the submitted finite support surface contains theorem_inventory.json through the manifest field theorem_inventory and through acceptance-ledger entry a7. The earlier six-row state $P^{
main.tex	8379	proposition	prop:post-inventory-support-tuple-extraction-certificate	Post-inventory support-tuple extraction certificate	Review-bundle and archive-equivalence condition	For the current source package, the theorem-ledger support tuple is accepted only in the post-inventory form consisting of theorem_inventory.json, theorem_inventory.md, review_bundle/theorem_environment_extraction_run.log, review_bundle/current_package_pass_records.json, and review_bundle/FINAL_DIGESTS_SHA256.md. In that form the extraction log must be generated after the two inventory files exist, the pass-record ledger must contain the theorem-ledger certificate entry, and the digest manifest 
main.tex	8421	proposition	prop:submitted-theorem-inventory-availability	Submitted theorem-inventory availability	Review-bundle and archive-equivalence condition	If the external support-surface condition of Corollary~cor:upload-or-archive-instantiation-record is satisfied, then theorem_inventory.json is an available submitted certificate coordinate for the bounded theorem-obligation ledger claim of Theorem~thm:theorem-obligation-ledger-boundary. If the exact bundle is not uploaded with matching final digests, the theorem inventory has only local diagnostic force and cannot support a submitted theorem-ledger claim in the current package.
main.tex	8447	proposition	prop:submission-support-instantiation-field-normal-form	Submission-support instantiation field normal form	Review-bundle and archive-equivalence condition	For the current source package, the upload-or-archive support coordinate has the following complete finite field normal form: center tabularx{}{p{0.29}X} field & current value\\ support branch & conditional exact supplemental inclusion of theorem_inventory.json, theorem_inventory.md, and review_bundle/\\ upload receipt & absent\\ archive-equivalent locator & absent; public automath branch/path coordinate is candidate-only until byte equality is recorded\\ accepted external support status & insta
main.tex	8503	corollary	cor:current-local-support-normal-form	Current local-support normal form	Review-bundle and archive-equivalence condition	For the current presentation package, the finite support state has exactly the following normal form. The theorem-inventory coordinate is accepted only through the post-regeneration digest-and-verifier fixed point of Proposition~prop:post-inventory-fixed-point-support-certificate; the review-bundle coordinate is externally instantiated only under exact upload or matching public branch/path bytes, because Proposition~prop:submission-support-instantiation-field-normal-form records no upload receip
main.tex	8558	proposition	audit:review-bundle-availability-condition	Review-bundle availability condition	Review-bundle and archive-equivalence condition	The final support mode selected for the current presentation package is exact supplemental inclusion of review_bundle/, conditional on the external instantiation record of Corollary~cor:upload-or-archive-instantiation-record, as recorded in review_bundle/FINAL_DIGESTS_SHA256.md and in Audit record~prop:final-immutable-package-state-certificate. This is a conditional support-mode selection, not a completed venue-upload record or public archive locator. The source-interface, case-snapshot, primary
main.tex	8612	proposition	audit:case-snapshot-non-rerun-boundary	Case-snapshot non-rerun boundary	Review-bundle and archive-equivalence condition	Under the hypotheses of Propositions~prop:path-complete-case-witnesses and prop:review-bundle-case-snapshot-coverage, the four case-study rows cannot be read as fresh dynamic-behavior claims. Any stronger reading asserting a fresh publication-daemon execution, full-source rebuild, theorem-content rerun, Rule110 dynamic rerun, or GroundCompiler semantic rerun requires command, source state, environment, exit-code, and log-path fields in addition to the bundled snapshots. Without those fields the 
main.tex	8643	theorem	thm:finite-row-case-evidence-closure	Finite-row closure of case evidence	Review-bundle and archive-equivalence condition	Let $C$ be the finite set of four case-study rows in Table~tab:case-witnesses. Under Propositions~prop:path-complete-case-witnesses and prop:review-bundle-case-snapshot-coverage, the publication-safety interface accepts the case-study contribution exactly as the image of $C$ under the skeleton map of Theorem~thm:case-witness-skeleton-rigidity. The image has four possible values only: promotion, route/submission blocking, theorem-content non-growth, and artifact-limitation disclosure. For each ro
main.tex	8696	corollary	cor:current-case-behaviour-evidence-criterion	Current case-behaviour evidence criterion	Review-bundle and archive-equivalence condition	The four case-study rows support current-behaviour claims only for the finite record-verifier commands that are explicitly listed in Table~tab:command-boundary-inventory. They do not support current daemon, overlap-checker, fake-extension-pipeline, Rule110, GroundCompiler, or full artifact-suite behaviour unless the row is enlarged by a fresh command tuple for that system. For each such current-behaviour upgrade, the required tuple is nonempty and contains at least command, source state, environ
main.tex	8753	proposition	audit:command-run-boundary-inventory	Command-run boundary inventory	Command-run boundary	For the current presentation package, Table~tab:command-boundary-inventory is complete for the command-boundary claims used by Proposition~prop:machine-readable-certificate-records, Proposition~audit:review-bundle-availability-condition, Theorem~thm:theorem-obligation-ledger-boundary, Theorem~thm:post-inventory-package-fixed-point, and the finite-record interface theorem, Theorem~thm:publication-safety-interface. The accepted command-boundary claims in the package are exactly the three refreshed
main.tex	8846	theorem	thm:post-edit-rerun-metadata-gate	Post-edit rerun metadata gate	Command-run boundary	Let $I$ be the pair consisting of theorem_inventory.json and theorem_inventory.md, let $L$ be the tuple of retained extractor and finite-record verifier logs named in Table~tab:command-boundary-inventory, and let $D$ be review_bundle/FINAL_DIGESTS_SHA256.md. After any edit to main.tex, $I$, or a retained support record, a claim that the package has a post-inventory fixed point for the new bytes is accepted only if the submitted surface also contains, for each newly claimed rerun, its command, so
main.tex	8888	theorem	thm:final-local-support-state-reconciliation	Final four-interface maximality and support-state reconciliation	Command-run boundary	For the source package after the present manuscript edits, the finite support state used by the publication-safety theorem chain is the following reconciled local state and no stronger one. First, the files theorem_inventory.json and theorem_inventory.md are accepted as a post-inventory fixed point only under the ordered metadata condition of Theorem~thm:post-edit-rerun-metadata-gate; absent such post-edit rows, the fixed-point statements are conditional rerun criteria rather than current-byte e
main.tex	9036	theorem	thm:presentation-route-five-interface-sharpness	Presentation-route five-interface sharpness	Command-run boundary	For the CICM presentation-only package whose primary source is submission_abstract.tex, whose supplement is this file, and whose selected support directory is review_bundle/, the maximal claim certified by the present theorem chain is exactly the conjunction of the following five bounded interfaces: enumerate Conditional publication safety. The publication claim is a finite-record certificate under the externally supplied record-gate soundness predicate \(RGS_{S}(P,L,)\), not a proof that the ga
main.tex	9184	theorem	thm:presentation-route-stronger-reading-classifier	Presentation-route stronger-reading classifier	Command-run boundary	For the present CICM presentation-only package, every attempted stronger reading of the four flagged interface families is classified by the five-axis skeleton of Theorem~thm:presentation-route-five-interface-sharpness, and the classifier is exact in the following sense. enumerate A stronger reading of the finite publication-safety interface, the certificate-calculus spine, publication-safety maximality, or the current-package publication-safety instance is accepted exactly when it adds an axis~
main.tex	9297	theorem	thm:end-to-end-upgrade-decomposition-obstruction	End-to-end upgrade decomposition obstruction	Command-run boundary	For the present CICM presentation-only package, an end-to-end workflow-correctness reading of the publication-safety theorem chain is accepted by the finite-record calculus if and only if it decomposes into the finite positive-coordinate budgets of Theorem~thm:presentation-route-five-interface-sharpness and every touched budget is supplied with its assigned pass record. More explicitly, any reading asserting correctness of the actual gate implementations, fresh source or Lean rebuilds, semantic 
main.tex	9362	corollary	cor:presentation-summary-non-escalation	Presentation-summary non-escalation	Command-run boundary	Let \(s\) be a load-bearing sentence in the primary presentation source submission_abstract.tex or in an accompanying presentation abstract that summarizes Theorem~thm:publication-safety-interface, Theorem~thm:current-package-certificate-exactness, Theorem~thm:current-command-result-closure, Theorem~thm:presentation-route-stronger-reading-classifier, or Theorem~thm:presentation-route-five-interface-sharpness. If \(s\) is accepted by the same finite-record publication chain without adding new sup
main.tex	9422	theorem	thm:submission-support-fixed-point-normal-form	Machine-checkable support-coordinate fixed-point normal form	Command-run boundary	For the current source package, the support state for the three externalized claims in the publication-safety theorem chain is exactly the following finite normal form. This is a bookkeeping theorem for the machine-checkable support coordinates used by the bounded audit interface: it records when byte strings, logs, and digest rows are mutually current, and it is not an independent semantic invariant of the paper, the artifacts, or the venue process. enumerate The theorem-inventory coordinate is
main.tex	9490	theorem	thm:post-inventory-support-coordinate-dichotomy	Post-inventory support-coordinate dichotomy	Command-run boundary	For the current presentation package there are exactly two possible support readings for any claim whose evidence surface names theorem_inventory.json, theorem_inventory.md, or a file under review_bundle/. If the ordered post-inventory pass of Theorem~thm:post-inventory-package-fixed-point has been run and the exact resulting surface is externally instantiated by the upload-or-archive record of Corollary~cor:upload-or-archive-instantiation-record, then the claim is a submitted bundle-backed supp
main.tex	9546	proposition	prop:final-refreshed-coordinate-instantiation	Final refreshed-coordinate instantiation	Command-run boundary	For the current dated local-readiness package, the first coordinate of Theorem~thm:submission-support-fixed-point-normal-form is instantiated by the finite tuple consisting of theorem_inventory.json, theorem_inventory.md, review_bundle/theorem_environment_extraction_run.log, review_bundle/certificate_verification_run.log, review_bundle/source_interface_verification_run.log, review_bundle/primary_claim_inventory_freshness_2026-06-09.log, review_bundle/VENUE_BIBLIOGRAPHY_LIVE_CHECK_2026-06-09.log,
main.tex	9592	theorem	thm:post-inventory-package-fixed-point	Post-inventory support-coordinate fixed point	Command-run boundary	Let $P$ be the current local package state consisting of the manuscript source, submission_abstract.tex, theorem_inventory.json, theorem_inventory.md, and review_bundle/. Suppose that the following finite sequence is executed in the displayed order: enumerate write the theorem-inventory files for the manuscript source state; rerun python review_bundle/extract_theorem_environments.py; rerun the finite-record verifiers named in Table~tab:command-boundary-inventory; rerun the dated venue/bibliograp
main.tex	9691	corollary	cor:current-post-inventory-realization	Current post-inventory realization	Command-run boundary	Assume that the present source state contains the two submitted inventory files theorem_inventory.json and theorem_inventory.md. If, after those two files exist, the theorem-environment extractor, the retained finite-record verifiers, the retained dated venue/bibliography check, and the final SHA--256 manifest are run in the order displayed in Theorem~thm:post-inventory-package-fixed-point, then the theorem-ledger row $a_7$ of Table~tab:current-acceptance-ledger is instantiated at exactly the fi
main.tex	9728	theorem	thm:current-inventory-artifact-realization	Current inventory support-coordinate realization	Command-run boundary	For the present Stage--A source state, after the final theorem-inventory bytes for this manuscript have been accepted, suppose that the files theorem_inventory.json and theorem_inventory.md are present as finite package coordinates. Let $L$ be the retained finite-record log family consisting of the syntactic theorem-environment extraction log review_bundle/theorem_environment_extraction_run.log, the finite certificate verifier log review_bundle/certificate_verification_run.log, the source-interf
main.tex	9820	theorem	thm:current-command-result-closure	Current command-result closure	Command-run boundary	Assume the current source package contains the accepted inventory files theorem_inventory.json and theorem_inventory.md. After those bytes exist, suppose that every command-result sentence retained for the submission state cites one of the command-boundary rows in Table~tab:command-boundary-inventory, that the corresponding command log is rerun from the source state named in that log with exit code zero, and that review_bundle/FINAL_DIGESTS_SHA256.md is regenerated after all such logs exist. The
main.tex	9866	corollary	cor:current-post-inventory-support-tuple-instantiation	Current post-inventory support tuple instantiation	Command-run boundary	In the current source package, after theorem_inventory.json and theorem_inventory.md have been written, the ordered tuple consisting of theorem_inventory.json, theorem_inventory.md, review_bundle/theorem_environment_extraction_run.log, review_bundle/certificate_verification_run.log, review_bundle/source_interface_verification_run.log, review_bundle/primary_claim_inventory_freshness_2026-06-09.log, and review_bundle/FINAL_DIGESTS_SHA256.md instantiates the first coordinate of Theorem~thm:submissi
main.tex	9914	corollary	cor:stable-replay-post-inventory-tuple	Byte-level stable replay criterion for the post-inventory tuple	Command-run boundary	Let $S$ be a source state of the present presentation package in which the final accepted theorem_inventory.json and theorem_inventory.md exist. Suppose that the theorem-environment extractor, certificate-record verifier, source-interface verifier, and retained primary-claim verifier are run from $S$, that their logs have exit code zero, and that review_bundle/FINAL_DIGESTS_SHA256.md is regenerated after those logs are written. Then every later support claim for the first coordinate of Theorem~t
main.tex	9963	proposition	prop:post-inventory-freshness-obstruction	Post-inventory freshness obstruction	Command-run boundary	Let $S$ and $S'$ be two source states of the present package which differ in at least one byte of theorem_inventory.json or theorem_inventory.md. Suppose the theorem-environment extractor, certificate-record verifier, source-interface verifier, retained primary-claim verifier, and final digest generator were run from $S$ in the order required by Theorem~thm:post-inventory-package-fixed-point. Then those logs and digest rows do not instantiate the theorem-inventory coordinate of $S'$. The coordin
main.tex	10003	proposition	prop:three-coordinate-submission-support-closure	Three-coordinate submission-support closure	Command-run boundary	In the present presentation-only package, the three Stage--A support obligations consisting of the post-inventory theorem-obligation ledger, the dated venue/bibliography verification record, and the external support surface admit the following exact normal form. The theorem-obligation coordinate is closed precisely by the ordered tuple of Corollary~cor:current-post-inventory-support-tuple-instantiation: the two root inventory files exist, the theorem-environment extractor and retained finite-rec
main.tex	10068	corollary	cor:local-fixed-point-external-boundary	Local fixed point and external-support boundary	Command-run boundary	Assume that the current source state contains theorem_inventory.json and theorem_inventory.md, that the theorem-environment extractor and the three retained finite-record verifiers are rerun after those inventory files exist, and that review_bundle/FINAL_DIGESTS_SHA256.md is regenerated after the resulting logs are written. Then the support tuple of Corollary~cor:current-post-inventory-support-tuple-instantiation is a closed local fixed point for the theorem-inventory coordinate of the present p
main.tex	10119	proposition	prop:current-absence-external-support-surface-instantiation	Current absence of external support-surface instantiation	Command-run boundary	For the present source package, the local post-inventory support coordinate of Corollary~cor:local-fixed-point-external-boundary and the digest manifest review_bundle/FINAL_DIGESTS_SHA256.md do not instantiate the external support coordinate of Corollary~cor:upload-or-archive-instantiation-record. Hence every claim whose support uses review_bundle/ has only local/path-verified status in this package unless a further finite record supplies one of the following two positive coordinates: enumerate 
main.tex	10176	theorem	thm:four-coordinate-submission-support-skeleton	Four-coordinate submission-support skeleton	Command-run boundary	For the current presentation-only package, every support reading used by the publication-safety theorem chain factors through the certificate-calculus spine of Theorem~thm:finite-record-certificate-calculus-spine and then through exactly the following four finite coordinates, with no gluing between them unless the missing coordinate is explicitly supplied. enumerate The theorem-obligation coordinate is the post-inventory byte tuple of Corollary~cor:current-post-inventory-support-tuple-instantiat
main.tex	10283	theorem	thm:current-package-no-free-upgrade-closure	Current-package no-free-upgrade closure	Command-run boundary	In the present source state, the finite-record theorem chain has exactly the following terminal form. The local finite-record certificate level is available only for the rows named by the submitted support tuple of Theorem~thm:four-coordinate-submission-support-skeleton. None of the four stronger readings below follows from that tuple. enumerate External support for a bundle-backed claim requires either an exact supplemental-upload receipt for the selected final support surface with matching dig
review_bundle/source_snapshots/automated_theory_discovery_pipeline_calculus_3fb3d6a0641767388a401883062aa522ea0b397b.tex	18	definition	def:automated-discovery-certified-theory-state	Certified theory state	Pipeline states	A certified theory state is a tuple $$ T=(S_{ T},P_{ T},L_{ T}, C_{ T},N_{ T}) $$ where $$ S_{ T},P_{ T},L_{ T}:Prop, C_{ T}:Prop, $$ and $$ N_{ T}: (S_{ T},P_{ T}, L_{ T},C_{ T}). $$ The five fields record source, pattern, ledger, classifier, and semantic naming certificate.
review_bundle/source_snapshots/automated_theory_discovery_pipeline_calculus_3fb3d6a0641767388a401883062aa522ea0b397b.tex	41	definition	def:automated-discovery-automation-record	Automation record	Pipeline states	An automation record is a finite family $R$ of generated material. Its entries may be event flows, theorem candidates, theorem genomes, candidate certificates, ledger entries, score certificates, or lineage edges. The record is an audit surface; it is not itself a classifier state.
review_bundle/source_snapshots/automated_theory_discovery_pipeline_calculus_3fb3d6a0641767388a401883062aa522ea0b397b.tex	49	definition	def:automated-discovery-pipeline-state	Pipeline state	Pipeline states	A pipeline state is a tuple $$ P=( T,R,,, w,B) $$ where $ T$ is a certified theory state, $R$ is an automation record, $$ is a population of theorem genomes, $$ is a lineage ledger, $ w N^9$ is a public theorem-genome weight profile, and $B: N$ is a genome-budget function.
review_bundle/source_snapshots/automated_theory_discovery_pipeline_calculus_3fb3d6a0641767388a401883062aa522ea0b397b.tex	61	definition	def:automated-discovery-genome-extractor	Genome extractor	Pipeline states	A genome extractor is a partial operation $$ Extract: $$ whose value, when defined on a theorem candidate flow $T$, is a theorem genome $(T,R,D_R(T))$ with all eight theorem-DNA loci. A theorem candidate is DNA-complete when $Extract(T)$ is defined.
review_bundle/source_snapshots/automated_theory_discovery_pipeline_calculus_3fb3d6a0641767388a401883062aa522ea0b397b.tex	72	definition	def:automated-discovery-score-certificate	Score certificate	Pipeline states	For a genome $$ in a pipeline state, a score certificate consists of the public weight profile $ w$, the budget value $B()$, and the inequality $$ Score_{ w}() B(). $$ It certifies a visible upper bound, not minimality.
review_bundle/source_snapshots/automated_theory_discovery_pipeline_calculus_3fb3d6a0641767388a401883062aa522ea0b397b.tex	86	definition	def:automated-discovery-pipeline-transition	Pipeline transition	Transition classes	A pipeline transition is a change $$ P P' $$ between states $$ P=( T,R,,, w,B), P'=( T',R',',', w',B'). $$ Unless the transition explicitly changes the scoring protocol, the weight profile is held fixed.
review_bundle/source_snapshots/automated_theory_discovery_pipeline_calculus_3fb3d6a0641767388a401883062aa522ea0b397b.tex	102	definition	def:automated-discovery-mechanical-expansion	Mechanical expansion	Transition classes	A transition is a mechanical expansion when $ T'= T$ and $R'$ is obtained from $R$ by adding material generated under the same classifier state. It may extend the record, but it does not change the certified classifier.
review_bundle/source_snapshots/automated_theory_discovery_pipeline_calculus_3fb3d6a0641767388a401883062aa522ea0b397b.tex	110	definition	def:automated-discovery-genome-compression	Genome compression	Transition classes	A transition is a genome compression when $ T'= T$ and some genome mutation satisfies $$ Score_{ w}(')< Score_{ w}() $$ while the theorem classifier phenotype is unchanged.
review_bundle/source_snapshots/automated_theory_discovery_pipeline_calculus_3fb3d6a0641767388a401883062aa522ea0b397b.tex	121	definition	def:automated-discovery-genome-recombination	Genome recombination	Transition classes	A genome recombination combines loci from parent genomes $_1,,_k$ and yields a child genome $'$ only when the child again satisfies theorem-genome soundness. Locus exchange without a soundness witness is only a candidate recombination.
review_bundle/source_snapshots/automated_theory_discovery_pipeline_calculus_3fb3d6a0641767388a401883062aa522ea0b397b.tex	129	definition	def:automated-discovery-classifier-shift	Classifier-shift transition	Transition classes	A transition is a classifier-shift transition when $$ ( T_{cls} T') $$ holds on the common source carrier. It changes the classifier coordinate, regardless of whether the record length or genome score decreases.
review_bundle/source_snapshots/automated_theory_discovery_pipeline_calculus_3fb3d6a0641767388a401883062aa522ea0b397b.tex	139	definition	def:automated-discovery-discovery-transition	Discovery transition	Transition classes	A classifier-shift transition is a discovery transition when the target theory state is certified and ledgered: $$ T'=(S',P',L',C',N'), N':(S',P',L',C'), $$ and $$ h:,\;L'(h). $$
review_bundle/source_snapshots/automated_theory_discovery_pipeline_calculus_3fb3d6a0641767388a401883062aa522ea0b397b.tex	154	definition	def:automated-discovery-positive-discovery-transition	Positive discovery transition	Transition classes	Relative to an external cost observer $$ and transition cost $$, a discovery transition is positive when some finite family $X$ satisfies $$ _{ T'}(X)+( T T') < _{ T}(X). $$ The inequality charges the certificate, ledger, recognizer, and seal costs to the transition rather than hiding them in prose.
review_bundle/source_snapshots/automated_theory_discovery_pipeline_calculus_3fb3d6a0641767388a401883062aa522ea0b397b.tex	170	definition	def:automated-discovery-claim	Discovery claim	Discovery claims	A discovery claim is an audit packet $$ Claim= (K,, T, T',d,N',L', w,B,, B) $$ where $K$ is a claim kind, $$ is the principal genome, $ T, T'$ are source and target theory states, $d\{0,1\}$ is the classifier-change bit, $N'$ and $L'$ are the target certificate and ledger policy, $ w$ and $B$ are the scoring protocol, $$ is the lineage ledger, and $ B$ is the explicit not-claimed boundary.
review_bundle/source_snapshots/automated_theory_discovery_pipeline_calculus_3fb3d6a0641767388a401883062aa522ea0b397b.tex	185	definition	def:automated-discovery-claim-kinds	Claim kinds	Discovery claims	The claim kinds are $$ mechanical, compression, recombination, classifierShift, discovery, positiveDiscovery. $$ They respectively name record extension, score reduction without phenotype change, locus recombination, classifier change, ledgered certified classifier change, and ledgered certified classifier change with net compression gain.
review_bundle/source_snapshots/automated_theory_discovery_pipeline_calculus_3fb3d6a0641767388a401883062aa522ea0b397b.tex	201	definition	def:automated-discovery-well-formed-claim	Well-formed claim	Discovery claims	A claim is well formed when its kind matches its evidence: mechanical claims do not assert classifier change; compression claims carry a score comparison under a public weight profile and have $d=0$; classifier-shift claims have $d=1$; discovery claims have $d=1$, a target semantic naming certificate, and a ledger witness; positive-discovery claims additionally carry the net compression inequality. Any theorem-like principal object must be DNA-complete, and any scored claim must expose its weigh
review_bundle/source_snapshots/automated_theory_discovery_pipeline_calculus_3fb3d6a0641767388a401883062aa522ea0b397b.tex	212	definition	def:automated-discovery-gate	Discovery gate	Discovery claims	The predicate $DiscoveryGate(Claim)$ holds when the claim is well formed, its principal theorem-like object is a DNA-complete genome, it has a score certificate whenever it is scored, its discovery assertions carry semantic naming certificate and ledger witnesses, its positive-discovery assertions carry the net cost inequality, its lineage ledger records the parents and transition kind, its not-claimed boundary is explicit, and its support is formal or certificate-level rather than prose-only.
review_bundle/source_snapshots/automated_theory_discovery_pipeline_calculus_3fb3d6a0641767388a401883062aa522ea0b397b.tex	223	definition	def:automated-discovery-gate-demotion	Gate demotion	Discovery claims	Gate demotion maps an over-strong claim kind to the strongest kind supported by the available evidence. A positive-discovery claim without the cost inequality is treated as discovery at most; a discovery claim without certificate or ledger is treated as classifier-shift at most; a classifier-shift claim with $d=0$ is treated as compression or mechanical; an unscored compression claim is treated as an unscored mutation; a DNA-incomplete theorem-like object is treated as a theorem candidate.
review_bundle/source_snapshots/automated_theory_discovery_pipeline_calculus_3fb3d6a0641767388a401883062aa522ea0b397b.tex	237	theorem	thm:automated-discovery-dna-completeness-obligation	DNA completeness is a gate obligation	Gate theorems	A theorem candidate that is not DNA-complete cannot be the principal theorem genome of a gate-passed discovery claim.
review_bundle/source_snapshots/automated_theory_discovery_pipeline_calculus_3fb3d6a0641767388a401883062aa522ea0b397b.tex	248	corollary	cor:automated-discovery-statement-code-insufficient	Statement-only and code-only candidates are insufficient	Gate theorems	A candidate supplying only a statement locus, or only legal theorem code, does not pass the discovery gate as a theorem genome.
review_bundle/source_snapshots/automated_theory_discovery_pipeline_calculus_3fb3d6a0641767388a401883062aa522ea0b397b.tex	258	theorem	thm:automated-discovery-mechanical-not-discovery	Mechanical expansion is not discovery	Gate theorems	Mechanical expansion does not imply discovery.
review_bundle/source_snapshots/automated_theory_discovery_pipeline_calculus_3fb3d6a0641767388a401883062aa522ea0b397b.tex	269	theorem	thm:automated-discovery-compression-not-discovery	Genome compression is not discovery by itself	Gate theorems	Genome compression without classifier change is not discovery.
review_bundle/source_snapshots/automated_theory_discovery_pipeline_calculus_3fb3d6a0641767388a401883062aa522ea0b397b.tex	280	theorem	thm:automated-discovery-certificate-ledger-required	Discovery requires certificate and ledger	Gate theorems	If a transition is a discovery transition with target state $ T'=(S',P',L',C',N')$, then $$ N':(S',P',L',C') $$ and $$ h:,\;L'(h). $$
review_bundle/source_snapshots/automated_theory_discovery_pipeline_calculus_3fb3d6a0641767388a401883062aa522ea0b397b.tex	299	theorem	thm:automated-discovery-positive-implies-discovery	Positive discovery implies discovery	Gate theorems	Every positive discovery transition is a discovery transition.
review_bundle/source_snapshots/automated_theory_discovery_pipeline_calculus_3fb3d6a0641767388a401883062aa522ea0b397b.tex	309	theorem	thm:automated-discovery-scored-claims-public-weights	Scored claims require public weights	Gate theorems	Any claim asserting a genome score, a score reduction, or a positive-discovery cost inequality must expose the weight profile used for the comparison.
review_bundle/source_snapshots/automated_theory_discovery_pipeline_calculus_3fb3d6a0641767388a401883062aa522ea0b397b.tex	320	theorem	thm:automated-discovery-gate-kind-sound	Discovery gate is kind-sound	Gate theorems	If $DiscoveryGate(Claim)$ holds, then the obligations attached to the claim kind hold.
review_bundle/source_snapshots/automated_theory_discovery_pipeline_calculus_3fb3d6a0641767388a401883062aa522ea0b397b.tex	334	theorem	thm:automated-discovery-demotion-soundness	Demotion preserves audit soundness	Gate theorems	After gate demotion, the resulting claim kind is no stronger than the evidence actually supplied by the claim.
review_bundle/source_snapshots/automated_theory_discovery_pipeline_calculus_3fb3d6a0641767388a401883062aa522ea0b397b.tex	351	definition	def:automated-discovery-lineage-ledger	Lineage ledger	Lineage and selection	A lineage ledger is a directed acyclic graph $=(V,E)$ whose vertices are theorem genomes and whose edges are labelled by transition kind: mechanical, compression, recombination, classifier-shift, discovery, or positive-discovery.
review_bundle/source_snapshots/automated_theory_discovery_pipeline_calculus_3fb3d6a0641767388a401883062aa522ea0b397b.tex	359	definition	def:automated-discovery-lineage-consistent-claim	Lineage-consistent claim	Lineage and selection	A claim is lineage-consistent when its parent genomes, child genome, and transition kind are recorded in $$ and the resulting ledger remains acyclic.
review_bundle/source_snapshots/automated_theory_discovery_pipeline_calculus_3fb3d6a0641767388a401883062aa522ea0b397b.tex	366	theorem	thm:automated-discovery-lineage-dag	Accepted claims form an auditable lineage DAG	Lineage and selection	If every accepted claim is lineage-consistent, the accepted theorem genomes form an auditable directed acyclic lineage graph.
review_bundle/source_snapshots/automated_theory_discovery_pipeline_calculus_3fb3d6a0641767388a401883062aa522ea0b397b.tex	377	definition	def:automated-discovery-potential	Discovery potential	Lineage and selection	For selection among candidate genomes, a discovery-potential functional has the form $$ DP()= \,Cls() +\,Unification() +\,Reuse() +\,Transfer() -\,Score_{ w}() -\,LedgerRisk(). $$ Here $Cls$ records classifier change, while the remaining positive terms record unification, reuse, and transfer. The negative terms charge complexity and ledger risk.
review_bundle/source_snapshots/automated_theory_discovery_pipeline_calculus_3fb3d6a0641767388a401883062aa522ea0b397b.tex	395	theorem	thm:automated-discovery-lowest-score-not-best-target	Lowest score need not be the best discovery target	Lineage and selection	A genome with lower score can have lower discovery potential than a genome with higher score.
review_bundle/source_snapshots/automated_theory_discovery_pipeline_calculus_3fb3d6a0641767388a401883062aa522ea0b397b.tex	408	theorem	thm:automated-discovery-selection-favours-classifier-change	Classifier change is favoured when other terms are fixed	Lineage and selection	If a selection operator maximizes $DP$ and $>0$, then among candidates equal in all other coordinates it favours the candidate with classifier change.
review_bundle/source_snapshots/automated_theory_discovery_pipeline_calculus_3fb3d6a0641767388a401883062aa522ea0b397b.tex	423	definition	def:automated-discovery-unpaid-discovery-claim	Unpaid discovery claim	Pipeline adequacy	An unpaid discovery claim is a claim that asserts discovery while lacking at least one of classifier change, semantic naming certificate, ledger witness, theorem genome, score or cost account, lineage witness, or not-claimed boundary.
review_bundle/source_snapshots/automated_theory_discovery_pipeline_calculus_3fb3d6a0641767388a401883062aa522ea0b397b.tex	431	theorem	thm:automated-discovery-no-unpaid-discovery	No unpaid discovery passes the gate	Pipeline adequacy	No unpaid discovery claim passes $DiscoveryGate$.
review_bundle/source_snapshots/automated_theory_discovery_pipeline_calculus_3fb3d6a0641767388a401883062aa522ea0b397b.tex	441	theorem	thm:automated-discovery-pipeline-safety	Pipeline safety	Pipeline adequacy	If an automated pipeline accepts discovery and positive-discovery claims only after $DiscoveryGate$ and records accepted claims in a lineage-consistent ledger, then every accepted discovery has classifier change, semantic naming certificate, ledger witness, DNA-complete theorem genome, score certificate, lineage witness, and an explicit not-claimed boundary.
review_bundle/source_snapshots/automated_theory_discovery_pipeline_calculus_3fb3d6a0641767388a401883062aa522ea0b397b.tex	457	theorem	thm:automated-discovery-pipeline-theorem	Automated theory-discovery pipeline theorem	Pipeline adequacy	An automated theory-discovery pipeline that extracts theorem genomes, exposes public scoring weights, demotes unsupported claim kinds, gates discovery claims, and records accepted claims in a lineage ledger distinguishes record growth, score reduction, recombination, classifier change, and ledgered discovery.
